Common Name,Frequency (%)
House Sparrow,38.93%
Black-capped Chickadee,33.97%
American Robin,33.64%
Canada Goose,28.60%
Black-billed Magpie,28.31%
Mallard,27.84%
American Crow,27.68%
Red-winged Blackbird,22.35%
Red-breasted Nuthatch,19.83%
Common Raven,19.25%
Common Grackle,17.75%
House Finch,17.37%
Mourning Dove,16.52%
Ring-billed Gull,16.25%
Rock Pigeon,15.30%
Western Meadowlark,14.71%
Northern Yellow Warbler,14.29%
American Goldfinch,13.38%
Clay-colored Sparrow,13.05%
Dark-eyed Junco,12.95%
Downy Woodpecker,12.88%
Barn Swallow,12.20%
Northern Flicker,12.15%
Killdeer,11.90%
Northern House Wren,11.71%
Song Sparrow,11.17%
Blue-winged Teal,11.09%
Brown-headed Cowbird,11.01%
Blue Jay,10.95%
Northern Shoveler,10.65%
Chipping Sparrow,10.37%
Eastern Kingbird,10.01%
Gadwall,9.35%
Cedar Waxwing,9.16%
White-throated Sparrow,9.06%
Tree Swallow,8.97%
Yellow-rumped Warbler,8.70%
Vesper Sparrow,8.58%
American Coot,8.26%
Horned Lark,8.21%
American Wigeon,8.14%
Least Flycatcher,8.11%
Savannah Sparrow,7.54%
Merlin,7.12%
Hairy Woodpecker,6.89%
Double-crested Cormorant,6.76%
Franklin's Gull,6.72%
Lesser Scaup,6.70%
Brewer's Blackbird,6.56%
White-breasted Nuthatch,6.36%
Yellow-headed Blackbird,6.34%
American White Pelican,6.10%
Red-tailed Hawk,5.97%
Green-winged Teal,5.86%
Canvasback,5.85%
Bufflehead,5.73%
Northern Pintail,5.56%
Gray Catbird,5.55%
Swainson's Hawk,5.42%
White-crowned Sparrow,5.28%
Northern Harrier,5.21%
Willet,5.13%
European Starling,5.12%
Redhead,5.12%
Common Goldeneye,5.03%
Baltimore Oriole,4.98%
Snow Goose,4.97%
Pine Siskin,4.93%
American Avocet,4.87%
Common Yellowthroat,4.76%
Purple Martin,4.72%
Red-eyed Vireo,4.62%
Brown Thrasher,4.60%
Western Kingbird,4.58%
Ruddy Duck,4.52%
Greater Yellowlegs,4.47%
Gray Partridge,4.26%
Eastern Warbling Vireo,4.14%
Red-necked Grebe,4.10%
Redpoll,4.05%
Eurasian Collared-Dove,4.02%
California Gull,3.79%
Eared Grebe,3.76%
Wilson's Snipe,3.76%
Pied-billed Grebe,3.70%
Swainson's Thrush,3.49%
Sora,3.48%
Black Tern,3.40%
Bald Eagle,3.38%
Orange-crowned Warbler,3.37%
Wilson's Phalarope,3.33%
Spotted Sandpiper,3.32%
Sandhill Crane,3.16%
Tennessee Warbler,3.03%
American Redstart,2.95%
Ring-necked Duck,2.94%
American Tree Sparrow,2.88%
Horned Grebe,2.86%
Lesser Yellowlegs,2.77%
Ruby-crowned Kinglet,2.69%
Cackling Goose,2.65%
Bohemian Waxwing,2.63%
Lincoln's Sparrow,2.59%
Marbled Godwit,2.58%
Yellow-bellied Sapsucker,2.56%
Purple Finch,2.51%
Great Blue Heron,2.46%
Western Grebe,2.42%
Belted Kingfisher,2.42%
Sharp-tailed Grouse,2.27%
Greater White-fronted Goose,2.23%
Turkey Vulture,2.21%
Eastern Phoebe,2.12%
Harris's Sparrow,2.10%
Great Horned Owl,2.06%
Common Loon,2.05%
Spotted Towhee,2.02%
Common Merganser,2.01%
Bank Swallow,1.98%
Rose-breasted Grosbeak,1.97%
Ruby-throated Hummingbird,1.88%
Cliff Swallow,1.88%
American Kestrel,1.80%
Ovenbird,1.75%
Upland Sandpiper,1.75%
Tundra Swan,1.72%
Snowy Owl,1.70%
Sprague's Pipit,1.67%
Bobolink,1.64%
Forster's Tern,1.63%
Black-and-white Warbler,1.60%
Hooded Merganser,1.60%
Palm Warbler,1.56%
Common Nighthawk,1.54%
American Herring Gull,1.54%
Ring-necked Pheasant,1.48%
Pine Grosbeak,1.45%
Loggerhead Shrike,1.40%
Ruffed Grouse,1.39%
Snow Bunting,1.36%
Alder Flycatcher,1.33%
Swamp Sparrow,1.33%
Baird's Sparrow,1.33%
Marsh Wren,1.32%
White-winged Crossbill,1.32%
Blackpoll Warbler,1.31%
Mountain Bluebird,1.31%
Chestnut-collared Longspur,1.28%
Canada Jay,1.27%
Sharp-shinned Hawk,1.26%
Northern Waterthrush,1.23%
Hermit Thrush,1.22%
Cooper's Hawk,1.17%
Common Tern,1.15%
Lark Sparrow,1.14%
Bonaparte's Gull,1.11%
Veery,1.08%
Pileated Woodpecker,1.06%
Semipalmated Sandpiper,1.05%
Ferruginous Hawk,1.02%
Lapland Longspur,1.01%
Boreal Chickadee,0.9707%
Brown Creeper,0.9433%
Magnolia Warbler,0.9066%
Least Sandpiper,0.9047%
Rough-legged Hawk,0.8594%
Wood Duck,0.8540%
Lark Bunting,0.8506%
Evening Grosbeak,0.8426%
Stilt Sandpiper,0.8407%
Pectoral Sandpiper,0.8258%
Red-necked Phalarope,0.7979%
Baird's Sandpiper,0.7861%
Golden-crowned Kinglet,0.7770%
Ross's Goose,0.7724%
Wilson's Warbler,0.7651%
Grasshopper Sparrow,0.7430%
Osprey,0.7285%
Solitary Sandpiper,0.7255%
Sedge Wren,0.7136%
Sanderling,0.7117%
Fox Sparrow,0.6995%
Long-billed Dowitcher,0.6946%
Black-crowned Night Heron,0.6938%
Western Wood-Pewee,0.6854%
Rusty Blackbird,0.6786%
LeConte's Sparrow,0.6755%
Black-bellied Plover,0.6561%
Northern Shrike,0.6377%
Red Crossbill,0.5973%
Northern Rough-winged Swallow,0.5889%
Long-billed Curlew,0.5702%
Nelson's Sparrow,0.5683%
American Pipit,0.5656%
American Bittern,0.5576%
Broad-winged Hawk,0.5576%
Say's Phoebe,0.5317%
Greater Scaup,0.5252%
Blue-headed Vireo,0.5245%
Chestnut-sided Warbler,0.4997%
Mourning Warbler,0.4859%
Semipalmated Plover,0.4829%
Gray-cheeked Thrush,0.4798%
Nashville Warbler,0.4772%
Golden Eagle,0.4485%
Black-necked Stilt,0.4447%
Red-breasted Merganser,0.3955%
Burrowing Owl,0.3883%
Prairie Falcon,0.3787%
Winter Wren,0.3772%
Philadelphia Vireo,0.3769%
Blackburnian Warbler,0.3749%
Peregrine Falcon,0.3658%
Canada Warbler,0.3578%
Short-billed Dowitcher,0.3460%
Townsend's Solitaire,0.3395%
Piping Plover,0.3376%
Whooping Crane,0.3185%
Cape May Warbler,0.2914%
Bay-breasted Warbler,0.2903%
Great Crested Flycatcher,0.2876%
Rock Wren,0.2861%
Olive-sided Flycatcher,0.2803%
Short-eared Owl,0.2765%
White-rumped Sandpiper,0.2636%
Red-naped Sapsucker,0.2624%
White-faced Ibis,0.2613%
Thick-billed Longspur,0.2430%
American Golden-Plover,0.2411%
Orchard Oriole,0.2369%
Hudsonian Godwit,0.2281%
American Three-toed Woodpecker,0.2258%
American Goshawk,0.2220%
Black-backed Woodpecker,0.2109%
White-winged Scoter,0.1972%
Long-eared Owl,0.1957%
Northern Saw-whet Owl,0.1892%
Yellow-breasted Chat,0.1884%
Black-throated Green Warbler,0.1857%
Caspian Tern,0.1842%
Trumpeter Swan,0.1774%
Western Tanager,0.1747%
Yellow-bellied Flycatcher,0.1663%
Ruddy Turnstone,0.1640%
Cinnamon Teal,0.1579%
Virginia Rail,0.1564%
Dusky Flycatcher,0.1503%
Eastern Bluebird,0.1503%
Brewer's Sparrow,0.1480%
Great Egret,0.1453%
Spruce Grouse,0.1419%
Connecticut Warbler,0.1419%
Varied Thrush,0.1408%
Willow Flycatcher,0.1369%
Red Knot,0.1289%
Surf Scoter,0.1278%
Black-billed Cuckoo,0.1262%
Great Gray Owl,0.1247%
Glaucous Gull,0.0984%
Violet-green Swallow,0.0927%
Lesser Black-backed Gull,0.0908%
Northern Hawk Owl,0.0900%
Yellow-throated Vireo,0.0892%
MacGillivray's Warbler,0.0862%
Eastern Towhee,0.0847%
Iceland Gull,0.0835%
Eastern Wood-Pewee,0.0778%
Barred Owl,0.0744%
Clark's Grebe,0.0698%
Lazuli Bunting,0.0683%
Dunlin,0.0656%
Wild Turkey,0.0622%
Red-bellied Woodpecker,0.0614%
Red-headed Woodpecker,0.0603%
Long-tailed Duck,0.0587%
Pygmy Nuthatch,0.0542%
Yellow Rail,0.0492%
Barrow's Goldeneye,0.0484%
Chimney Swift,0.0477%
Smith's Longspur,0.0431%
Black-headed Grosbeak,0.0397%
Gyrfalcon,0.0378%
Western Warbling Vireo,0.0374%
Harlequin Duck,0.0366%
Boreal Owl,0.0317%
Field Sparrow,0.0305%
Greater Sage-Grouse,0.0301%
Black Scoter,0.0294%
Buff-breasted Sandpiper,0.0290%
Pacific Loon,0.0282%
Common Poorwill,0.0267%
Western Flycatcher,0.0259%
Gray-crowned Rosy-Finch,0.0259%
Willow Ptarmigan,0.0214%
Sabine's Gull,0.0202%
Western Cattle-Egret,0.0187%
Dickcissel,0.0187%
Eastern Screech-Owl,0.0176%
Scarlet Tanager,0.0168%
Short-billed Gull,0.0156%
Northern Mockingbird,0.0156%
Northern Parula,0.0156%
Red-throated Loon,0.0153%
Hudsonian Whimbrel,0.0145%
Black-throated Blue Warbler,0.0145%
Northern Cardinal,0.0137%
American Black Duck,0.0133%
Yellow-billed Loon,0.0122%
Green Heron,0.0122%
Eurasian Tree Sparrow,0.0118%
Glossy Ibis,0.0114%
Broad-billed Hummingbird,0.0111%
Sage Thrasher,0.0103%
Common Eider,0.0095%
Phainopepla,0.0095%
Bullock's Oriole,0.0088%
Pine Warbler,0.0088%
American Woodcock,0.0084%
Pacific Wren,0.0084%
Summer Tanager,0.0084%
Tundra Bean-Goose,0.0080%
Prothonotary Warbler,0.0080%
Eastern Whip-poor-will,0.0072%
Snowy Egret,0.0072%
Plumbeous Vireo,0.0072%
Kentucky Warbler,0.0072%
Indigo Bunting,0.0072%
Great Black-backed Gull,0.0069%
Yellow-crowned Night Heron,0.0065%
Townsend's Warbler,0.0065%
Brant,0.0061%
King Eider,0.0061%
Parasitic Jaeger,0.0057%
Ivory Gull,0.0057%
Slaty-backed Gull,0.0057%
Ruff,0.0053%
Black-legged Kittiwake,0.0053%
Northern Pygmy-Owl,0.0053%
Golden-winged Warbler,0.0050%
Lewis's Woodpecker,0.0046%
Eurasian Wigeon,0.0042%
Anna's Hummingbird,0.0042%
Little Gull,0.0042%
Arctic Tern,0.0042%
Scissor-tailed Flycatcher,0.0042%
Red Phalarope,0.0038%
Western Sandpiper,0.0038%
Garganey,0.0034%
Rustic Bunting,0.0034%
Golden-crowned Sparrow,0.0034%
Snowy Plover,0.0030%
American Dipper,0.0030%
Yellow-throated Warbler,0.0030%
Wood Thrush,0.0027%
Painted Bunting,0.0027%
White-winged Dove,0.0023%
Rufous Hummingbird,0.0019%
Tricolored Heron,0.0015%
Curve-billed Thrasher,0.0015%
Brambling,0.0015%
Green-tailed Towhee,0.0015%
Band-tailed Pigeon,0.0011%
Fieldfare,0.0011%
Hooded Warbler,0.0011%
Hepatic Tanager,0.0011%
Blue Grosbeak,0.0011%
Least Tern,0.0008%
Little Blue Heron,0.0008%
Mississippi Kite,0.0008%
Cassin's Vireo,0.0008%
Mountain Chickadee,0.0008%
Blue-gray Gnatcatcher,0.0008%
Cassin's Finch,0.0008%
Black-throated Sparrow,0.0008%
Rock Ptarmigan,0.0004%
Yellow-billed Cuckoo,0.0004%
Costa's Hummingbird,0.0004%
Red-necked Stint,0.0004%
Long-tailed Jaeger,0.0004%
Pomarine Jaeger,0.0004%
Black Guillemot,0.0004%
Ancient Murrelet,0.0004%
Western Gull,0.0004%
American Barn Owl,0.0004%
Western Screech-Owl,0.0004%
Vermilion Flycatcher,0.0004%
Tropical Kingbird,0.0004%
White-eyed Vireo,0.0004%
Steller's Jay,0.0004%
Lesser Goldfinch,0.0004%
Great-tailed Grackle,0.0004%
Prairie Warbler,0.0004%
Tufted Duck,0.0000%
Passenger Pigeon,0.0000%
Calliope Hummingbird,0.0000%
Bar-tailed Godwit,0.0000%
Curlew Sandpiper,0.0000%
Short-tailed Shearwater,0.0000%
Least Bittern,0.0000%
Williamson's Sapsucker,0.0000%
Pinyon Jay,0.0000%
Clark's Nutcracker,0.0000%
Northern Wheatear,0.0000%
Henslow's Sparrow,0.0000%
Eastern Meadowlark,0.0000%
Blue-winged Warbler,0.0000%
Black-throated Gray Warbler,0.0000%
Mute Swan,0.0019%
Chukar,0.0011%
Red Junglefowl,0.0000%
